<?xml version="1.0" encoding="UTF-8"?>
<project-private xmlns="http://www.netbeans.org/ns/project-private/1">
    <editor-bookmarks xmlns="http://www.netbeans.org/ns/editor-bookmarks/2" lastBookmarkId="0"/>
    <open-files xmlns="http://www.netbeans.org/ns/projectui-open-files/2">
        <group>
            <file>file:/C:/Users/Ryuu/MPLABXProjects/PIC+BLUETOOTH_ProjetPlante.X/main.c</file>
            <file>file:/C:/Users/Ryuu/MPLABXProjects/PIC+BLUETOOTH_ProjetPlante.X/uart.c</file>
            <file>file:/C:/Users/Ryuu/MPLABXProjects/PIC+BLUETOOTH_ProjetPlante.X/interrupts.c</file>
            <file>file:/C:/Users/Ryuu/MPLABXProjects/PIC+BLUETOOTH_ProjetPlante.X/user.c</file>
            <file>file:/C:/Users/Ryuu/MPLABXProjects/PIC+BLUETOOTH_ProjetPlante.X/uart.h</file>
        </group>
    </open-files>
</project-private>
