<?xml version="1.0" encoding="UTF-8"?>
<project-private xmlns="http://www.netbeans.org/ns/project-private/1">
    <editor-bookmarks xmlns="http://www.netbeans.org/ns/editor-bookmarks/2" lastBookmarkId="0"/>
    <open-files xmlns="http://www.netbeans.org/ns/projectui-open-files/2">
        <group>
            <file>file:/C:/Users/rapha/Documents/A_Projet/Second_step/PROROK_V3.5.X/PROROK_V3.5.X/UART.c</file>
            <file>file:/C:/Users/rapha/Documents/A_Projet/Second_step/PROROK_V3.5.X/PROROK_V3.5.X/final_panel.c</file>
            <file>file:/C:/Users/rapha/Documents/A_Projet/Second_step/PROROK_V3.5.X/PROROK_V3.5.X/motor_functions.c</file>
            <file>file:/C:/Users/rapha/Documents/A_Projet/Second_step/PROROK_V3.5.X/PROROK_V3.5.X/main.c</file>
            <file>file:/C:/Users/rapha/Documents/A_Projet/Second_step/PROROK_V3.5.X/PROROK_V3.5.X/PROROK.h</file>
            <file>file:/C:/Users/rapha/Documents/A_Projet/Second_step/PROROK_V3.5.X/PROROK_V3.5.X/TTL.c</file>
            <file>file:/C:/Users/rapha/Documents/A_Projet/Second_step/PROROK_V3.5.X/PROROK_V3.5.X/user.c</file>
            <file>file:/C:/Users/rapha/Documents/A_Projet/Second_step/PROROK_V3.5.X/PROROK_V3.5.X/UART.h</file>
            <file>file:/C:/Users/rapha/Documents/A_Projet/Second_step/PROROK_V3.5.X/PROROK_V3.5.X/system.c</file>
        </group>
    </open-files>
</project-private>
